Feature,Importance
Humidity,0.35563036326041725
MQ3_Raw,0.32247187517914444
MQ2_Raw,0.2824773313001306
Temperature,0.03942043026030782
