Feature,AQI_Importance,Fan_Importance
Gas_Index,0.24601632543725316,0.24601632543725316
Humidity,0.18802496229353743,0.18802496229353743
MQ3_Raw,0.16609128673069867,0.16609128673069867
MQ2_Raw,0.13899263528827752,0.13899263528827752
MQ2_MQ3_Ratio,0.11204824567042451,0.11204824567042451
Heat_Stress,0.08239066143513675,0.08239066143513675
Temperature,0.06643588314467204,0.06643588314467204
